Arsitektur,Learning Rate,Batch Size,Hidden Units,Dropout Rate,Test Accuracy,Test Precision,Test Recall,Test F1-Score
RNN,0.000162,32,128,0.2206,0.8036,0.5351,0.5793,0.5503
LSTM,0.006423,16,64,0.1846,0.5685,0.1895,0.3333,0.2416
GRU,0.000558,16,32,0.1294,0.8169,0.5386,0.5822,0.558
