Arsitektur,Learning Rate,Batch Size,Hidden Units,Dropout Rate,Test Accuracy,Test Precision,Test Recall,Test F1-Score
RNN,0.000135,32,128,0.2761,0.818,0.5418,0.5869,0.5596
LSTM,0.008038,16,128,0.3685,0.5685,0.1895,0.3333,0.2416
GRU,0.001593,64,32,0.1734,0.814,0.5364,0.5794,0.5557
